Student_ID,First_Name,Last_Name,Sex,Standard,DOB,Type
1,Josh,Lambert,M,4,04-04-2011,S
2,Kieth,Bradley,M,7,02-12-2007,S
3,Rufus,Thorpe,M,7,31-08-2008,S
4,Chloe,Ripley,F,6,27-03-2009,S
5,Maya,Jenkins,F,6,25-03-2012,S
6,Domenic,Thomson,M,1,03-02-2013,S
7,Helen,Pratt,F,2,14-01-2004,S
8,Cameron,Addison,F,1,30-03-2014,S
9,Elijah,Gates,M,1,12-03-2008,S
10,Ron,Cowan,M,6,01-10-2018,S
11,Eden,James,F,9,04-08-2005,S
12,Karen,Hunt,F,11,21-09-2011,S
13,Nina,Thomas,F,3,28-07-2013,S
14,Marvin,Corbett,M,8,08-12-2015,S
15,Samantha,Farrell,F,7,07-05-2017,S
16,Chad,Hunter,M,10,02-05-2014,S
17,Carl,Ashley,M,5,05-11-2006,S
18,Remy,Brennan,F,9,22-06-2011,S
19,Leroy,Tyler,M,9,26-09-2004,S
20,Liam,Coates,M,3,25-06-2006,S
21,Anabel,Hope,F,6,07-09-2018,S
22,Stephanie,Turner,F,1,18-04-2006,S
23,Thea,Quinn,F,7,03-11-2011,S
24,Melania,Garner,F,10,05-09-2009,S
25,Luna,Heaton,F,9,31-03-2015,S
26,Mina,Hooper,F,9,17-08-2015,S
27,Gladys,Harrison,F,7,11-10-2016,S
28,Gabriel,Wilkinson,M,3,02-01-2010,S
29,Jazmin,Ianson,F,5,29-05-2011,S
30,Joseph,Jordan,M,8,24-01-2013,S
31,Mara,Wooldridge,F,10,03-05-2010,S
32,Hayden,Johnson,F,7,24-08-2008,S
33,Wade,Lindop,M,4,01-05-2010,S
34,Mackenzie,White,F,11,14-03-2014,S
35,Leilani,Lane,F,9,07-07-2018,S
36,Carmen,Fall,F,1,14-11-2008,S
37,Celina,Horton,F,6,25-10-2015,S
38,Sofia,Booth,F,6,11-01-2004,S
39,Daphne,Lynn,F,1,23-06-2015,S
40,Molly,Plant,F,7,17-02-2018,S
41,Aiden,Pearce,M,4,28-07-2016,S
42,Sabrina,Salt,F,9,14-08-2014,S
43,Stacy,Varndell,F,6,28-06-2011,S
44,Piper,Briggs,F,4,30-12-2016,S
45,Caleb,Clarke,M,7,29-09-2005,S
46,John,Fleming,M,8,25-06-2018,S
47,Caitlyn,Mcgee,F,9,26-05-2010,S
48,Logan,Haines,M,1,03-07-2016,S
49,Mabel,Kennedy,F,5,21-02-2017,S
50,Mary,Pope,F,1,02-06-2018,S
51,Roger,Haines,M,9,21-03-2012,S
52,Hank,Taylor,M,1,28-09-2006,S
53,Harvey,Farrant,M,1,30-03-2017,S
54,Percy,Mccormick,M,11,17-07-2014,S
55,Georgia,Rivers,F,7,12-08-2010,S
56,Gil,Russell,M,8,09-04-2007,S
57,Taylor,Allington,F,9,17-01-2006,S
58,Alexander,Pope,M,1,21-02-2010,S
59,Nina,Ventura,F,8,03-11-2004,S
60,Janelle,Warner,F,10,15-09-2005,S
61,Michael,Kerr,M,7,07-08-2006,S
62,Isabel,Watson,F,10,19-01-2010,S
63,Barney,Roscoe,M,3,06-07-2013,S
64,Bridget,Simpson,F,10,12-04-2018,S
65,Javier,Osman,M,6,15-06-2006,S
66,Alessia,Varndell,F,11,01-02-2005,S
67,Phillip,Cox,M,10,11-12-2007,S
68,Cedrick,Bryant,M,1,17-11-2005,S
69,Ivette,Jeffery,F,6,06-02-2010,S
70,Clarissa,Redwood,F,3,10-03-2017,S
71,Marie,Thorpe,F,3,02-10-2010,S
72,Doug,Robinson,M,7,10-09-2012,S
73,Renee,Hepburn,F,4,03-02-2007,S
74,Daron,Welsch,M,2,12-07-2013,S
75,Sylvia,Logan,F,10,10-11-2018,S
76,Katelyn,Ebden,F,8,15-06-2007,S
77,Melanie,Roscoe,F,4,20-06-2006,S
78,Henry,Ulyatt,M,8,27-06-2015,S
79,Ramon,Adler,M,6,17-10-2005,S
80,Lillian,Newman,F,6,18-12-2011,S
81,Alba,Baker,F,5,14-10-2011,S
82,Daniel,Evans,M,2,28-11-2014,S
83,David,Holt,M,2,25-06-2004,S
84,Bart,Roman,M,8,03-10-2015,S
85,Sebastian,Styles,M,11,09-07-2016,S
86,Cecilia,Edler,F,5,28-09-2008,S
87,Kieth,Waterson,M,2,29-11-2010,S
88,Maia,Boden,F,3,01-01-2015,S
89,Crystal,Huggins,F,6,16-04-2014,S
90,Hazel,Wright,F,8,04-07-2017,S
91,George,Herbert,M,10,16-09-2005,S
92,Nicholas,Chapman,M,3,10-08-2004,S
93,Daniel,Ingham,M,3,21-05-2008,S
94,Crystal,Hopkins,F,6,10-01-2016,S
95,Marvin,Becker,M,8,13-02-2015,S
96,Anthony,Bennett,M,10,20-09-2008,S
97,Britney,Turner,F,1,03-09-2009,S
98,Ally,Tindall,F,3,22-10-2006,S
99,Evie,Brooks,F,8,26-10-2017,S
100,Boris,Denton,M,4,13-05-2007,S
101,Raquel,Lloyd,F,6,16-01-2011,S
102,Harry,Whitmore,M,6,17-08-2016,S
103,Martin,Richards,M,8,25-07-2009,S
104,Rocco,Stewart,M,3,24-06-2006,S
105,Bristol,Cassidy,F,2,07-06-2013,S
106,Peyton,Harrison,F,11,17-01-2016,S
107,Alexander,Webster,M,6,07-02-2018,S
108,Rick,Pratt,M,11,05-01-2018,S
109,Miley,Farrell,F,6,08-12-2004,S
110,Payton,Clayton,F,3,13-11-2010,S
111,Sarah,Clifton,F,7,25-12-2013,S
112,Kirsten,Torres,F,8,12-11-2010,S
113,Martin,Murray,M,6,05-12-2014,S
114,Nick,Poole,M,11,16-10-2016,S
115,Melinda,Weasley,F,9,12-09-2017,S
116,Madelyn,Gilmore,F,4,19-09-2004,S
117,Mabel,Ring,F,4,31-07-2010,S
118,Bob,Wilson,M,4,07-09-2017,S
119,Owen,Dempsey,M,7,21-10-2016,S
120,Colleen,Alldridge,F,4,21-07-2015,S
121,Liam,Patel,M,3,27-02-2009,S
122,Liam,Wigley,M,2,08-08-2012,S
123,Marvin,Devonport,M,2,28-07-2008,S
124,George,Kelly,M,4,08-03-2006,S
125,Dorothy,Partridge,F,4,07-01-2011,S
126,Caydence,Coll,F,5,21-08-2008,S
127,John,Oliver,M,4,30-09-2008,S
128,Analise,Walsh,F,1,24-01-2015,S
129,Sabina,Wild,F,6,12-05-2013,S
130,Bart,Terry,M,7,26-07-2018,S
131,Nathan,Hilton,M,3,25-02-2015,S
132,Francesca,Stanley,F,8,22-01-2017,S
133,Julius,Mitchell,M,8,11-06-2010,S
134,Nathan,Lee,M,4,22-10-2013,S
135,Hayden,Seymour,M,5,16-01-2012,S
136,Shay,Judd,F,5,03-04-2016,S
137,Angela,Wallace,F,10,19-02-2005,S
138,Owen,Seymour,M,2,30-05-2006,S
139,Kurt,Hale,M,10,18-03-2016,S
140,Roger,Bennett,M,8,30-01-2017,S
141,Sharon,Shelton,F,9,17-02-2013,S
142,Miriam,Russell,F,4,05-03-2018,S
143,Vicky,Nobbs,F,2,21-03-2008,S
144,Rosalyn,Ward,F,8,22-08-2004,S
145,Johnny,Baker,M,5,10-02-2006,S
146,Mina,Osman,F,2,30-04-2012,S
147,Oliver,Hardwick,M,6,29-10-2006,S
148,John,Simpson,M,1,23-10-2009,S
149,Alison,Sinclair,F,9,26-11-2011,S
150,Jade,Jackson,F,1,30-10-2009,S
151,Julius,Moore,M,6,30-03-2014,S
152,Denis,Nanton,M,11,06-12-2015,S
153,Cynthia,Gallacher,F,11,26-09-2009,S
154,Erick,Patel,M,10,03-04-2015,S
155,Martha,Radley,F,8,09-05-2011,S
156,Johnny,Wilson,M,3,14-05-2012,S
157,Jazmin,Garcia,F,9,11-05-2014,S
158,Michaela,Nielson,F,10,04-02-2013,S
159,Kamila,Roberts,F,4,26-01-2004,S
160,Eve,Rosenbloom,F,5,25-04-2016,S
161,Carter,Rehman,M,1,15-12-2015,S
162,Harry,Brown,M,9,14-04-2009,S
163,Gwen,Ebden,F,10,04-03-2012,S
164,Joseph,Murphy,M,8,30-05-2014,S
165,Gil,Wilde,M,1,02-02-2005,S
166,Ivy,Gates,F,4,15-12-2004,S
167,Hayden,Corbett,F,9,12-07-2008,S
168,Chester,Oatway,M,2,09-08-2013,S
169,Jacob,Blythe,M,5,20-11-2007,S
170,Lynn,James,F,1,11-03-2011,S
171,David,Brennan,M,11,15-02-2009,S
172,Cedrick,Summers,M,8,15-08-2015,S
173,Percy,Shepherd,M,3,08-02-2018,S
174,Kieth,Rivers,M,5,25-03-2017,S
175,Amelia,Gray,F,1,14-03-2006,S
176,Marissa,Yoman,F,1,16-09-2018,S
177,Angelica,Yarwood,F,10,30-01-2008,S
178,Darlene,Kent,F,3,21-07-2007,S
179,Janice,Lindsay,F,3,28-03-2006,S
180,Clarissa,Sawyer,F,8,16-04-2007,S
181,Danny,Davies,M,10,03-08-2013,S
182,Stephanie,Harrison,F,8,05-08-2016,S
183,Rhea,Swan,F,10,05-08-2009,S
184,Marla,Ross,F,11,10-02-2017,S
185,Piper,Clarkson,F,6,17-01-2011,S
186,Rose,King,F,8,30-04-2007,S
187,Maxwell,Jones,M,5,13-07-2018,S
188,Elle,Locke,F,5,14-10-2014,S
189,Alma,Walker,F,11,26-10-2014,S
190,Benny,Shelton,M,11,27-10-2005,S
191,Jamie,Williams,F,3,25-08-2017,S
192,Sylvia,Mason,F,11,04-10-2008,S
193,Shannon,Emmott,F,1,26-05-2010,S
194,Analise,Mccall,F,3,18-08-2004,S
195,Oliver,Swift,M,11,20-01-2005,S
196,Jacob,Reid,M,2,01-07-2007,S
197,Adina,Darcy,F,9,01-10-2006,S
198,Emmanuelle,Yard,F,5,24-03-2016,S
199,Angelique,Khan,F,4,21-07-2007,S
200,Selena,Ross,F,4,07-06-2013,S
201,Tyler,Ulyatt,M,3,14-02-2018,S
202,Daniel,Cobb,M,10,17-02-2010,S
203,Marigold,Jackson,F,4,01-11-2015,S
204,Josh,Mcneill,M,1,06-10-2011,S
205,Nate,Tyler,M,11,23-10-2004,S
206,Janelle,Gunn,F,6,01-04-2004,S
207,Holly,Lucas,F,7,16-09-2015,S
208,Jules,Reid,F,8,05-01-2011,S
209,Phillip,Rowe,M,6,10-02-2005,S
210,Tom,Stone ,M,10,11-02-2007,S
211,Lauren,Ellis,F,5,24-08-2007,S
212,Anais,Henderson,F,7,21-09-2004,S
213,Kurt,Murray,M,5,27-03-2009,S
214,Michael,Wilcox,M,9,28-08-2011,S
215,Noah,Blackburn,M,2,09-11-2005,S
216,Henry,Anderson,M,10,29-01-2008,S
217,Melinda,Watt,F,6,09-05-2017,S
218,Daron,Blackwall,M,5,09-05-2015,S
219,Celina,Weldon,F,9,20-01-2015,S
220,Owen,Phillips,M,4,23-09-2008,S
221,Kieth,Sanchez,M,2,21-09-2016,S
222,Charlotte,Fleming,F,9,04-09-2015,S
223,Rosalee,Yates,F,7,22-10-2015,S
224,Ronald,Bishop,M,1,02-01-2018,S
225,Brad,Nicolas,M,11,01-09-2013,S
226,Kassandra,Douglas,F,10,19-09-2005,S
227,Rufus,Simmons,M,4,17-01-2004,S
228,Julius,Richardson,M,4,19-11-2015,S
229,Tess,Brett,F,10,07-06-2010,S
230,Alex,Bryson,F,2,26-01-2008,S
231,Barry,Tyrrell,M,4,09-08-2018,S
232,Carl,Jenkins,M,6,19-04-2006,S
233,Phillip,Trent,M,8,29-05-2007,S
234,Megan,Mccormick,F,7,08-01-2007,S
235,Leroy,Gavin,M,3,23-12-2013,S
236,Nicholas,Gilmore,M,3,31-12-2006,S
237,Boris,Rosenbloom,M,4,02-07-2015,S
238,Abbey,Mccormick,F,4,22-09-2006,S
239,Erin,James,F,2,02-04-2008,S
240,Peter,Jacobs,M,7,21-10-2017,S
241,Tyson,Preston,M,9,02-11-2005,S
242,Sydney,Mackenzie,F,5,10-01-2006,S
243,Matthew,Jeffery,M,10,21-09-2016,S
244,Laila,Bailey,F,9,11-02-2018,S
245,Doris,Russell,F,11,15-08-2008,S
246,Nicholas,Upton,M,4,15-11-2014,S
247,Josephine,Evans,F,10,09-01-2016,S
248,Sofie,Howard,F,11,27-10-2008,S
249,Maya,Mitchell,F,5,26-11-2015,S
250,Enoch,Chapman,M,8,23-02-2008,S
251,Georgia,Talbot,F,2,24-11-2011,S
252,Piper,Vince,F,10,09-05-2012,S
253,Anthony,Camden,M,7,06-12-2011,S
254,Laila,Richards,F,6,15-10-2011,S
255,Daron,Drew,M,11,12-10-2009,S
256,Hank,Santos,M,8,13-07-2006,S
257,Chelsea,Uttley,F,4,08-08-2008,S
258,Parker,York,F,9,25-04-2007,S
259,Chadwick,Wilkinson,M,10,12-10-2005,S
260,Roger,Ebbs,M,5,20-09-2018,S
261,Bart,Asher,M,8,16-09-2013,S
262,Barry,Hammond,M,2,28-05-2017,S
263,Willow,Malone,F,3,19-04-2010,S
264,Nancy,Waterson,F,4,04-06-2008,S
265,Luke,Stewart,M,10,19-08-2004,S
266,Hope,Archer,F,1,10-04-2006,S
267,Javier,Reid,M,6,15-11-2016,S
268,Christy,Kelly,F,8,26-06-2011,S
269,Erick,Upsdell,M,10,13-08-2005,S
270,Sage,Douglas,F,2,26-03-2005,S
271,Gabriel,Doherty,M,8,07-02-2006,S
272,Elijah,Clarke,M,3,15-06-2010,S
273,Helen,Tobin,F,7,16-01-2018,S
274,Sonya,Edmonds,F,5,17-07-2006,S
275,Boris,Seymour,M,2,03-01-2006,S
276,Naomi,Addis,F,1,13-03-2007,S
277,Ryan,Lynn,M,7,17-04-2017,S
278,Nathan,Calderwood,M,1,07-11-2007,S
279,Chris,Harper,M,8,26-05-2011,S
280,Rocco,Norman,M,6,21-11-2005,S
281,Julian,Blythe,M,11,17-08-2006,S
282,Carl,Kent,M,7,30-06-2014,S
283,Darlene,Ballard,F,9,07-08-2004,S
284,Chadwick,Tanner,M,8,13-02-2013,S
285,Brad,Bryant,M,2,13-12-2010,S
286,Nate,Attwood,M,11,08-12-2006,S
287,Rowan,Cobb,F,2,29-10-2009,S
288,Daron,Lynn,M,11,17-12-2006,S
289,Bob,Khan,M,5,28-01-2009,S
290,Rufus,Franks,M,5,28-05-2005,S
291,Ema,Campbell,F,10,21-08-2013,S
292,Luna,Franks,F,9,28-01-2010,S
293,Joseph,Alldridge,M,8,13-11-2004,S
294,Benny,Brooks,M,8,28-12-2010,S
295,Carter,Appleton,M,3,27-07-2008,S
296,Gladys,Clifton,F,8,21-12-2011,S
297,Leroy,Mcnally,M,4,02-06-2005,S
298,Cherish,Abbot,F,10,17-01-2016,S
299,Josh,Rosenbloom,M,1,22-09-2017,S
300,Kamila,Rowe,F,2,12-07-2009,S
301,Sebastian,Stanley,M,10,26-07-2013,S
302,Boris,Daniells,M,2,15-01-2008,S
303,Julius,Tennant,M,7,16-04-2012,S
304,Julian,Saunders,M,11,29-06-2009,S
305,Mark,Wade,M,10,25-01-2015,S
306,Logan,Buckley,M,7,23-05-2014,S
307,Nate,Sherry,M,11,30-11-2009,S
308,Matthew,Wise,M,2,03-10-2006,S
309,Marla,Locke,F,8,22-12-2015,S
310,David,Burge,M,2,09-02-2006,S
311,Ally,Stewart,F,8,11-10-2009,S
312,Angelina,Gaynor,F,3,25-02-2017,S
313,Anthony,Parker,M,8,11-02-2006,S
314,Owen,Gosling,M,9,23-05-2007,S
315,Boris,Mitchell,M,8,12-01-2007,S
316,Isabella,Lane,F,7,13-08-2006,S
317,Melody,Chappell,F,10,10-11-2012,S
318,Carter,Shea,M,7,25-04-2006,S
319,Angel,Parr,F,10,09-10-2017,S
320,Jack,Hastings,M,7,12-11-2011,S
321,Carl,Coll,M,11,24-07-2015,S
322,Caydence,Brennan,F,6,15-09-2005,S
323,Chris,Reading,M,5,29-03-2010,S
324,Priscilla,Cattell,F,3,18-03-2013,S
325,Bree,Forester,F,3,15-01-2008,S
326,Kimberly,Oatway,F,4,20-06-2017,S
327,Marvin,Stevens,M,7,15-04-2013,S
328,Ramon,Yang,M,6,10-07-2009,S
329,Valerie,Wright,F,9,01-01-2006,S
330,Eileen,Welsch,F,10,04-05-2007,S
331,Rhea,Dyson,F,6,23-11-2007,S
332,Chelsea,Gray,F,3,14-10-2010,S
333,Mabel,Judd,F,4,18-10-2009,S
334,Rosalyn,Dowson,F,9,04-11-2008,S
335,Francesca,Ramsey,F,2,26-11-2011,S
336,Maxwell,Dubois,M,9,20-01-2008,S
337,David,Bingham,M,2,28-02-2015,S
338,Teagan,Wright,F,2,03-10-2008,S
339,Michael,Kennedy,M,10,05-11-2007,S
340,Jackeline,Flynn,F,10,28-01-2011,S
341,Roger,Lee,M,11,21-04-2014,S
342,Liam,Hewitt,M,11,24-07-2018,S
343,Barry,Page ,M,5,03-02-2004,S
344,Angel,Bingham,F,7,26-06-2016,S
345,Josh,Mcneill,M,10,06-04-2007,S
346,Wendy,Jefferson,F,1,16-04-2005,S
347,Julian,Barclay,M,7,19-02-2013,S
348,Natalie,Ellis,F,5,28-07-2012,S
349,Emerald,Martin,F,8,08-02-2016,S
350,Rhea,Collins,F,8,15-03-2017,S
351,Marie,Walsh,F,8,02-03-2018,S
352,Jack,Hancock,M,2,20-06-2015,S
353,Enoch,Stevens,M,10,20-02-2013,S
354,Barry,Malone,M,10,05-07-2016,S
355,Leah,Rodwell,F,4,16-03-2016,S
356,Ethan,Grey,M,11,04-06-2018,S
357,Harry,Wright,M,2,06-03-2012,S
358,Bart,Fenton,M,7,22-11-2015,S
359,Julius,Brown,M,11,06-08-2010,S
360,Matthew,Crawley,M,4,16-10-2009,S
361,Trisha,Pickard,F,5,28-11-2010,S
362,Alessia,Mason,F,1,10-08-2013,S
363,Stella,Irving,F,2,23-09-2009,S
364,Nick,Roscoe,M,9,14-02-2009,S
365,Juliet,Rothwell,F,8,20-07-2006,S
366,Sara,Graham,F,3,23-03-2013,S
367,Carl,Shields,M,10,01-04-2008,S
368,Erin,Flynn,F,5,28-05-2010,S
369,Clarissa,Phillips,F,5,19-09-2009,S
370,Anabel,Brooks,F,4,15-06-2012,S
371,Alan,Bishop,M,3,26-01-2004,S
372,Isabella,Vince,F,11,04-10-2007,S
373,Martin,Parker,M,6,03-01-2015,S
374,Hayden,Vallins,M,9,04-10-2007,S
375,Vivian,Morgan,F,2,11-05-2005,S
376,Tiffany,Jones,F,3,25-01-2009,S
377,Jessica,Stevens,F,4,20-01-2009,S
378,Jacob,Tailor,M,6,02-07-2007,S
379,Angela,Allcott,F,4,22-03-2016,S
380,Cassidy,Groves,F,4,28-07-2004,S
381,Henry,Yoman,M,2,23-10-2005,S
382,Logan,Corbett,M,11,11-04-2008,S
383,Mabel,Kelly,F,4,17-09-2012,S
384,Marvin,Anderson,M,7,13-12-2012,S
385,Oliver,Thatcher,M,10,03-09-2016,S
386,Carol,Hancock,F,10,18-04-2014,S
387,Alan,Clifton,M,5,30-04-2008,S
388,Tania,Williams,F,5,15-02-2006,S
389,Gabriel,Mcguire,M,9,08-12-2013,S
390,Emely,Whittle,F,4,03-10-2016,S
391,Johnathan,Larsen,M,1,29-03-2015,S
392,Julia,Stevenson,F,4,28-08-2005,S
393,Nicholas,Patel,M,3,23-03-2005,S
394,Alan,Lloyd,M,3,20-07-2013,S
395,Ema,Asher,F,11,16-11-2016,S
396,Nate,Armstrong,M,11,16-12-2011,S
397,Daphne,John,F,4,11-03-2009,S
398,Dani,Ellis,F,6,26-04-2016,S
399,Mavis,Gray,F,9,25-03-2015,S
400,Selena,Pope,F,2,03-01-2014,S
401,Harriet,Whitehouse,F,1,28-05-2018,S
402,Tyler,Ring,M,2,07-11-2016,S
403,Julius,Villiger,M,3,27-10-2012,S
404,Keira,Mullins,F,11,13-09-2012,S
405,Natalie,Baldwin,F,4,15-08-2008,S
406,Angel,Reading,F,5,24-12-2017,S
407,Eileen,Amstead,F,7,13-08-2012,S
408,Daniel,Ross,M,1,27-03-2005,S
409,Lynn,Jones,F,10,12-02-2011,S
410,Luke,Larsen,M,7,16-02-2008,S
411,Ethan,Hancock,M,2,08-08-2015,S
412,Chuck,Welsch,M,5,30-03-2010,S
413,Fred,Owens,M,7,15-11-2005,S
414,Russel,Emmott,M,9,20-01-2005,S
415,Rosemary,Tutton,F,5,19-03-2018,S
416,Alan,Simpson,M,8,19-05-2015,S
417,Julius,Cooper,M,7,23-09-2016,S
418,Sonya,Jenkins,F,5,01-05-2007,S
419,Cedrick,Flett,M,1,19-08-2004,S
420,Madison,Fowler,F,3,11-10-2011,S
421,Eduardo,Weldon,M,1,29-03-2013,S
422,Cadence,Slater,F,5,07-10-2006,S
423,Gloria,Stanley,F,1,04-12-2012,S
424,Kieth,Williams,M,8,15-06-2007,S
425,Elise,Dempsey,F,10,03-06-2011,S
426,Cristal,Talbot,F,2,29-11-2011,S
427,Elisabeth,Hood,F,10,02-06-2009,S
428,Daron,Upton,M,1,04-07-2018,S
429,Jacob,Porter,M,4,12-04-2007,S
430,Chadwick,Broomfield,M,6,08-03-2008,S
431,Noah,Davies,M,8,01-02-2015,S
432,Charlize,Weldon,F,3,13-05-2006,S
433,Alexander,Underhill,M,3,13-08-2013,S
434,Daniel,Evans,M,8,13-03-2009,S
435,Phillip,Knight,M,10,11-07-2014,S
436,Candace,Eastwood,F,8,19-10-2004,S
437,Jacob,Groves,M,2,12-01-2007,S
438,Lillian,Bradshaw,F,8,17-10-2005,S
439,Nick,Widdows,M,1,24-01-2005,S
440,Faith,Newton,F,3,07-03-2013,S
441,Carter,Patel,M,4,19-03-2018,S
442,Juliette,Moss,F,1,12-05-2016,S
443,Benjamin,Jones,M,10,18-12-2010,S
444,Camden,Kelly,F,3,12-05-2004,S
445,Ryan,Wright,M,9,03-04-2016,S
446,Alice,Keys,F,1,25-04-2015,S
447,Harvey,Yarlett,M,4,18-04-2007,S
448,Catherine,Taylor,F,7,14-04-2006,S
449,Isabel,Mitchell,F,8,02-01-2010,S
450,Liam,Poulton,M,8,27-04-2007,S
451,Percy,Booth,M,5,05-05-2012,S
452,Adela,Calderwood,F,7,21-05-2016,S
453,Raquel,Owens,F,11,22-06-2007,S
454,Isla,Harris,F,5,07-12-2016,S
455,Miley,Quinton,F,10,26-05-2008,S
456,Dani,Morrow,F,1,13-03-2004,S
457,George,Norman,M,9,25-04-2013,S
458,Shay,Hood,F,1,26-07-2015,S
459,Ronald,Hilton,M,3,09-05-2006,S
460,Thea,Newman,F,11,17-04-2014,S
461,Denis,Jackson,M,1,18-08-2015,S
462,Ally,Wigley,F,2,29-06-2010,S
463,Christine,Gray,F,5,07-08-2006,S
464,Erick,Newton,M,1,27-11-2016,S
465,Vivian,Miller,F,4,07-01-2004,S
466,Margot,May,F,9,02-04-2015,S
467,Johnathan,Andrews,M,3,08-11-2006,S
468,Nick,Chadwick,M,5,15-04-2007,S
469,George,Russell,M,6,22-04-2018,S
470,Rick,Lindsay,M,10,08-02-2006,S
471,Juliette,Shields,F,9,17-03-2011,S
472,Anais,Turner,F,3,12-11-2012,S
473,Sebastian,Johnson,M,6,02-09-2011,S
474,Boris,Stark,M,6,17-07-2014,S
475,Selena,Moore,F,1,17-07-2004,S
476,Marvin,Wood,M,6,25-02-2013,S
477,Priscilla,Uddin,F,1,07-03-2006,S
478,Makena,Coll,F,8,30-01-2004,S
479,Scarlett,Jennson,F,10,14-12-2015,S
480,Luke,Ianson,M,9,05-04-2008,S
481,Sebastian,Ross,M,2,24-09-2014,S
482,Ronald,Young,M,2,04-12-2016,S
483,Jack,Bloom,M,9,31-10-2017,S
484,Dalia,Groves,F,11,27-07-2008,S
485,Katelyn,Ranks,F,3,01-06-2014,S
486,Ryan,Torres,M,10,06-08-2015,S
487,Rachael,Kaur,F,5,11-07-2007,S
488,Quinn,Taylor,F,1,26-12-2008,S
489,Rufus,Jennson,M,9,12-10-2016,S
490,Julius,Ingham,M,1,07-06-2018,S
491,Alexia,Lane,F,9,17-11-2003,S
492,Isla,Blackwall,F,7,27-01-2006,S
493,Adalind,Shepherd,F,3,28-12-2010,S
494,Nick,Logan,M,5,04-05-2015,S
495,Jacqueline,Thompson,F,4,25-11-2008,S
496,Carina,Bloom,F,9,10-01-2005,S
497,Sabrina,Sawyer,F,3,05-11-2005,S
498,Manuel,Hudson,M,5,24-01-2009,S
499,Amy,Saunders,F,3,20-03-2014,S
500,Amelia,Weldon,F,7,10-03-2013,S
501,Phillip,Isaac,M,6,15-12-2015,S
502,Samara,Coates,F,11,05-02-2015,S
503,Olivia,Shaw,F,4,16-09-2005,S
504,Sienna,Holt,F,9,21-04-2007,S
505,Luke,Marshall,M,6,30-08-2006,S
506,Havana,Higgs,F,1,26-09-2012,S
507,Greta,Hope,F,8,24-02-2017,S
508,Chris,Baker,M,3,19-01-2018,S
509,Michael,Eastwood,M,7,06-06-2014,S
510,Monica,Eddison,F,10,19-08-2017,S
511,Robyn,Harris,F,11,31-12-2003,S
512,Gil,Kelly,M,7,03-09-2014,S
513,Jamie,Ashley,F,7,24-11-2009,S
514,Kamila,Newman,F,3,12-01-2016,S
515,Elle,Robinson,F,2,23-05-2015,S
516,Gil,Maxwell,M,11,26-04-2010,S
517,Ciara,Gordon,F,8,05-12-2007,S
518,Maddison,Tyler,F,5,08-09-2007,S
519,Chad,Avery,M,5,14-12-2013,S
520,Mike,Yates,M,10,23-02-2012,S
521,Janice,Thorpe,F,6,21-06-2014,S
522,Chad,Knight,M,3,21-05-2017,S
523,Victoria,Santos,F,11,13-10-2007,S
524,Makenzie,Johnson,F,9,24-11-2009,S
525,Hope,Bishop,F,5,06-10-2010,S
526,Chanelle,Roman,F,2,22-05-2017,S
527,Kieth,Anderson,M,1,06-11-2012,S
528,Daron,Weston,M,5,26-09-2006,S
529,Bart,Hewitt,M,6,06-03-2006,S
530,Alba,Cartwright,F,4,22-11-2017,S
531,Chadwick,Mcleod,M,4,10-11-2010,S
532,Livia,Plumb,F,5,03-03-2010,S
533,Hayden,John,M,9,04-05-2008,S
534,Daron,Horton,M,4,05-08-2006,S
535,Peter,Knight,M,3,15-04-2011,S
536,Daria,Griffiths,F,5,21-09-2007,S
537,Bernadette,Saunders,F,8,03-07-2009,S
538,Julius,Dale,M,2,03-10-2016,S
539,Ryan,Fenton,M,9,27-07-2011,S
540,William,Thomas,M,4,24-05-2016,S
541,Paula,Moran,F,9,16-07-2010,S
542,Macy,Glynn,F,2,29-11-2003,S
543,Judith,Flett,F,4,30-09-2017,S
544,Nathan,Denton,M,9,10-07-2013,S
545,Emerald,Evans,F,4,13-10-2009,S
546,Celia,Rose,F,8,18-09-2004,S
547,Sloane,Randall,F,6,16-06-2017,S
548,Oliver,Clarkson,M,9,30-12-2009,S
549,Kieth,Leigh,M,2,29-04-2005,S
550,Carmen,Cork,F,10,15-01-2013,S
551,Destiny,Ebden,F,8,10-11-2014,S
552,Daron,Eastwood,M,6,08-11-2011,S
553,Sebastian,Owens,M,6,09-09-2006,S
554,Georgia,Roscoe,F,1,09-03-2008,S
555,Michael,Nanton,M,10,28-02-2018,S
556,Ally,Tyler,F,8,18-07-2005,S
557,Maxwell,Glynn,M,1,03-09-2007,S
558,Hayden,Smith,F,10,03-04-2011,S
559,Jayden,Lindop,M,3,09-11-2006,S
560,Rick,Pickard,M,11,30-09-2015,S
561,Callie,Whitehouse,F,1,08-02-2017,S
562,Jocelyn,Johnson,F,2,13-07-2015,S
563,Claire,Beal,F,5,01-10-2004,S
564,Daniel,Carson,M,1,09-03-2008,S
565,Alan,Plant,M,1,07-06-2017,S
566,Tyler,Kaur,M,1,13-08-2017,S
567,Johnathan,Uddin,M,5,10-04-2012,S
568,Kieth,Silva,M,7,30-07-2016,S
569,Thea,Simmons,F,11,12-03-2010,S
570,Valerie,Sheldon,F,10,15-05-2007,S
571,Jasmine,Rigg,F,4,09-02-2010,S
572,Benjamin,Edmonds,M,5,10-08-2005,S
573,Henry,Stone,M,2,11-09-2014,S
574,George,Owens,M,10,20-09-2016,S
575,Mark,Harrison,M,7,28-11-2005,S
576,Kieth,Matthews,M,11,27-12-2013,S
577,Phillip,Mullins,M,11,31-03-2008,S
578,Bob,Upsdell,M,9,02-10-2014,S
579,Luke,Long,M,10,15-01-2018,S
580,Alex,Mason,F,1,29-05-2012,S
581,Daria,Hope,F,11,06-09-2017,S
582,Gabriel,Nayler,M,1,07-12-2005,S
583,Erick,Wilcox,M,7,20-02-2008,S
584,Ryan,Vaughan,M,10,08-11-2018,S
585,Owen,Ellison,M,5,20-08-2012,S
586,David,Baxter,M,11,28-03-2016,S
587,Maribel,Bayliss,F,10,15-02-2015,S
588,Denis,Reynolds,M,10,16-10-2010,S
589,Phillip,Long,M,3,04-03-2009,S
590,George,Snell,M,8,29-12-2017,S
591,Anabel,Stone,F,1,16-07-2012,S
592,Madelyn,Norman,F,5,14-04-2008,S
593,Lindsay,Mcgregor,F,6,10-09-2005,S
594,Lucas,Norman,M,9,21-11-2010,S
595,Liliana,Evans,F,1,10-03-2010,S
596,Barney,Dwyer,M,1,13-08-2008,S
597,Lily,Savage,F,7,06-07-2007,S
598,Winnie,Potter,F,5,20-04-2016,S
599,Payton,Underhill,F,3,05-03-2018,S
600,Emmanuelle,Brown,F,4,31-07-2014,S
601,Jules,Wren,F,1,16-01-2007,S
602,Manuel,Turner,M,5,21-03-2007,S
603,Chris,Garner,M,8,29-01-2018,S
604,Aiden,Jones,M,3,02-08-2013,S
605,Jacob,Roberts,M,1,22-02-2008,S
606,Tony,Palmer,M,6,25-12-2014,S
607,Jack,Spencer,M,6,31-10-2007,S
608,Cassidy,Collins,F,10,19-08-2018,S
609,Bart,Darcy,M,4,16-10-2015,S
610,Denis,Nielson,M,10,29-01-2009,S
611,Vivian,Hood,F,6,20-06-2012,S
612,Marvin,Plant,M,2,12-11-2016,S
613,Rowan,Latham,F,10,14-05-2017,S
614,Hayden,Hunter,F,1,27-02-2005,S
615,Alexa,Flanders,F,7,15-08-2011,S
616,Darlene,Collingwood,F,10,21-12-2013,S
617,Ronald,Holmes,M,11,08-12-2008,S
618,Allison,Hewitt,F,6,26-07-2009,S
619,Kate,Reyes,F,11,24-03-2011,S
620,Mark,Wilkinson,M,9,30-03-2016,S
621,Mayleen,Brennan,F,3,24-03-2010,S
622,Tom,Potter,M,6,26-07-2018,S
623,Charlize,Pickard,F,2,27-09-2004,S
624,Carla,Burnley,F,3,18-08-2012,S
625,Phillip,Larkin,M,9,04-12-2009,S
626,Rose,Clark,F,9,09-06-2010,S
627,Mara,Norburn,F,4,14-02-2007,S
628,Diane,Bingham,F,9,17-03-2016,S
629,Hank,Morley,M,10,16-02-2004,S
630,Enoch,Ballard,M,1,26-09-2007,S
631,Carter,Becker,M,2,31-07-2011,S
632,Jennifer,Radcliffe,F,10,25-06-2005,S
633,Lara,Simmons,F,6,09-05-2016,S
634,Carter,Donnelly,M,9,07-06-2011,S
635,Aleksandra,Allington,F,3,28-09-2009,S
636,Hope,Reid,F,11,20-12-2010,S
637,Lucas,Carter,M,11,12-07-2010,S
638,Rose,James,F,8,02-12-2003,S
639,Christine,Poulton,F,11,19-03-2010,S
640,Christy,Jobson,F,8,22-08-2005,S
641,Ada,Lindsay,F,11,04-04-2004,S
642,Megan,Moran,F,7,02-02-2004,S
643,Matt,Hogg,M,8,08-02-2016,S
644,Javier,Wooldridge,M,9,28-03-2016,S
645,Ronald,Edmonds,M,1,27-12-2010,S
646,Cameron,Upton,F,8,01-07-2010,S
647,Naomi,Edley,F,3,21-08-2014,S
648,Kenzie,Moreno,F,1,22-02-2005,S
649,Priscilla,Strong,F,4,01-12-2013,S
650,Megan,Walsh,F,5,11-03-2007,S
651,Peter,Ellis,M,4,18-07-2007,S
652,Miriam,Cooper,F,7,19-06-2014,S
653,Caydence,Hudson,F,3,02-05-2014,S
654,Destiny,Matthews,F,5,24-03-2009,S
655,Mark,Welsch,M,9,01-08-2014,S
656,Chelsea,Wood,F,11,08-07-2006,S
657,Mayleen,Newton,F,9,07-03-2016,S
658,Trisha,Gilbert,F,11,28-11-2005,S
659,Maxwell,Tutton,M,1,02-06-2009,S
660,Ronald,Evans,M,11,09-08-2008,S
661,Hailey,Mcneill,F,7,06-04-2016,S
662,Julian,Long,M,5,14-03-2009,S
663,Ellen,Haines,F,8,06-07-2011,S
664,Joseph,Bristow,M,3,16-02-2004,S
665,Alexander,Baker,M,5,26-10-2008,S
666,Janelle,Styles,F,5,19-02-2011,S
667,Jack,Tailor,M,3,17-12-2006,S
668,Hailey,Sinclair,F,11,11-07-2010,S
669,Miriam,Walsh,F,3,27-12-2009,S
670,Jayden,Phillips,M,11,13-01-2004,S
671,Keira,Kelly,F,7,09-08-2015,S
672,Ryan,Chadwick,M,1,08-07-2017,S
673,Makena,Larsen,F,4,28-02-2015,S
674,Laila,Ballard,F,6,07-01-2017,S
675,Danielle,Noach,F,7,14-11-2007,S
676,Amelia,Brooks,F,4,08-08-2006,S
677,Karen,Farrant,F,10,01-12-2011,S
678,Aiden,Hardwick,M,9,02-11-2008,S
679,Tony,Kidd,M,4,31-05-2008,S
680,Cecilia,Ring,F,4,18-11-2014,S
681,Phillip,Wallace,M,3,04-03-2006,S
682,Benjamin,Hunter,M,4,04-10-2012,S
683,Cassidy,Parker,F,5,17-03-2009,S
684,Rufus,Miller,M,1,25-09-2015,S
685,Holly,Grey,F,9,28-03-2004,S
686,Russel,May,M,4,02-12-2003,S
687,Jacob,Edler,M,6,08-03-2011,S
688,Nate,Hancock,M,8,01-08-2006,S
689,Hayden,Collingwood,M,3,10-08-2011,S
690,Beatrice,Gilbert,F,3,01-07-2018,S
691,Megan,White,F,11,14-01-2015,S
692,Gabriel,Whinter,M,11,26-07-2006,S
693,Joseph,Campbell,M,10,23-10-2013,S
694,Maribel,Truscott,F,5,23-02-2015,S
695,Chadwick,Jones,M,2,08-10-2008,S
696,Sabina,Fowler,F,7,14-05-2018,S
697,Russel,Fields,M,1,13-01-2014,S
698,Carissa,Collins,F,11,31-10-2013,S
699,Michael,Rossi,M,1,04-01-2009,S
700,Jayden,Vaughn,M,5,09-02-2012,S
701,Vera,Adams,F,11,10-09-2017,S
702,Elle,Villiger,F,4,03-05-2018,S
703,Danny,Todd,M,7,26-03-2004,S
704,Hayden,Rixon,F,9,13-06-2008,S
705,Shannon,Radley,F,11,28-03-2018,S
706,Victoria,Brooks,F,7,29-09-2016,S
707,Cadence,Widdows,F,11,31-05-2011,S
708,Tyson,Snow,M,7,26-09-2012,S
709,Noemi,Bingham,F,2,19-08-2018,S
710,Angel,Graves,F,7,14-04-2011,S
711,Fred,Walker,M,8,10-10-2004,S
712,Tom,Douglas,M,11,06-06-2014,S
713,Anne,Andersson,F,7,04-01-2008,S
714,Maia,Booth,F,9,16-06-2011,S
715,Keira,Stewart,F,8,09-08-2004,S
716,Anthony,Warden,M,1,27-09-2012,S
717,Angelina,Gregory,F,8,21-11-2003,S
718,Tyson,Seymour,M,11,13-02-2005,S
719,Barry,Wren,M,2,16-08-2012,S
720,Keira,Eagle,F,7,10-03-2007,S
721,Makena,Douglas,F,10,21-08-2004,S
722,Julius,Chester,M,7,07-12-2007,S
723,Sylvia,Shaw,F,11,13-09-2010,S
724,Phillip,Carson,M,6,25-06-2010,S
725,Mason,Martin,M,5,05-02-2010,S
726,Nicholas,Grady,M,4,26-12-2005,S
727,Angelique,Woods,F,5,19-02-2004,S
728,Daria,Eastwood,F,2,24-08-2008,S
729,Gwenyth,Dixon,F,8,14-01-2016,S
730,Barry,Redfern,M,6,02-11-2018,S
731,Clarissa,Willson,F,7,24-02-2013,S
732,Leah,Hepburn,F,8,24-12-2015,S
733,Dakota,Rycroft,F,7,10-02-2015,S
734,Mackenzie,Stewart,F,4,04-02-2008,S
735,Cassidy,Norton,F,2,29-01-2018,S
736,Nicole,Abbey,F,10,26-04-2008,S
737,Jayden,Rees,M,7,28-08-2013,S
738,Tony,Jones,M,6,27-06-2006,S
739,Johnathan,Wellington,M,6,28-05-2009,S
740,Alan,Chappell,M,9,11-11-2016,S
741,Ron,Roth,M,11,14-02-2012,S
742,Nicole,Partridge,F,10,25-06-2015,S
743,Mandy,Mitchell,F,10,11-01-2015,S
744,Matt,Morley,M,1,08-09-2016,S
745,Shannon,Reese,F,11,06-10-2006,S
746,Callie,Fulton,F,7,27-12-2011,S
747,Cherish,Neville,F,7,26-07-2012,S
748,Michaela,Clayton,F,1,05-09-2012,S
749,Boris,Veale,M,5,25-12-2006,S
750,Diane,Ranks,F,10,05-09-2014,S
751,Savannah,Holmes,F,2,05-05-2008,S
752,Selena,Flett,F,1,10-05-2007,S
753,Daniel,Oakley,M,4,10-09-2011,S
754,Jane,Rodgers,F,9,20-12-2005,S
755,Logan,Cowan,M,9,29-10-2017,S
756,Bree,Amstead,F,1,09-08-2007,S
757,Zoe,Gallacher,F,4,12-09-2018,S
758,Isabel,Yarwood,F,2,30-07-2013,S
759,Ruth,Rogan,F,11,01-07-2012,S
760,Johnathan,Gonzales,M,1,09-08-2008,S
761,Roger,Hudson,M,6,09-02-2018,S
762,Chadwick,Vernon,M,5,11-08-2007,S
763,Ethan,Lloyd,M,6,05-08-2008,S
764,Evelynn,Gilmore,F,4,01-03-2006,S
765,Tyson,Rivers,M,4,02-12-2005,S
766,Abdul,Redfern,M,4,16-12-2005,S
767,Kurt,Price,M,8,09-02-2016,S
768,Rufus,Rivers,M,6,26-06-2014,S
769,Cadence,Hobson,F,7,21-03-2006,S
770,Luna,Janes,F,10,04-01-2014,S
771,Bryon,Oliver,M,8,02-02-2017,S
772,Rick,Mills,M,2,02-07-2016,S
773,Daniel,Willson,M,6,07-07-2016,S
774,Abdul,Irving,M,3,03-08-2016,S
775,William,Rodgers,M,1,05-05-2007,S
776,Kurt,Lynn,M,1,07-06-2010,S
777,Hailey,Egerton,F,8,21-07-2008,S
778,Harvey,Shields,M,6,29-12-2005,S
779,Maddison,Norris,F,1,02-08-2013,S
780,Leilani,Sylvester,F,11,23-08-2009,S
781,Andrea,Watt,F,8,29-11-2013,S
782,Denny,Anderson,M,7,25-10-2017,S
783,Elly,Dixon,F,9,09-05-2009,S
784,Esmeralda,Mould,F,1,04-02-2012,S
785,Mark,Villiger,M,7,08-04-2018,S
786,Hank,Flanders,M,4,07-09-2009,S
787,Parker,Abbot,F,10,22-10-2018,S
788,Adelaide,Hope,F,2,30-04-2008,S
789,Bob,Ainsworth,M,8,05-11-2015,S
790,Melody,Gray,F,2,14-07-2005,S
791,Belinda,Wills,F,10,20-11-2011,S
792,Maia,Spencer,F,10,07-06-2016,S
793,Holly,Stark,F,6,15-01-2013,S
794,Benjamin,Speed,M,10,12-10-2008,S
795,Jack,Wood,M,5,19-07-2015,S
796,Emmanuelle,Stuart,F,6,05-08-2018,S
797,George,Phillips,M,2,30-09-2015,S
798,Tyson,Rycroft,M,1,02-04-2010,S
799,Aurelia,Woodley,F,5,18-08-2008,S
800,Barry,Harrington,M,6,15-07-2011,S
801,Miriam,Clarke,F,6,15-06-2009,S
802,Mike,Wilcox,M,5,05-10-2012,S
803,Logan,Robertson,M,5,27-01-2006,S
804,Anthony,Roth,M,3,16-11-2003,S
805,Hank,Hancock,M,7,18-08-2005,S
806,Andie,Bell,F,8,06-12-2003,S
807,Sabrina,Victor,F,5,03-07-2016,S
808,Ruby,Donnelly,F,6,01-06-2007,S
809,Sebastian,Alcroft,M,5,28-04-2010,S
810,Norah,Ainsworth,F,8,06-05-2005,S
811,Bethany,Larkin,F,2,14-06-2005,S
812,Brad,Robinson,M,1,10-05-2014,S
813,Susan,Aldridge,F,8,04-03-2004,S
814,Greta,Gallacher,F,4,26-01-2013,S
815,Gwenyth,Rogan,F,1,28-07-2008,S
816,Laila,Harris,F,9,12-03-2009,S
817,Ivy,Wright,F,10,11-04-2007,S
818,Sasha,Grady,F,3,14-03-2015,S
819,Manuel,Locke,M,5,21-04-2011,S
820,Oliver,Ross,M,8,09-10-2018,S
821,Oliver,Morley,M,10,15-02-2009,S
822,Liliana,Willis,F,5,19-10-2018,S
823,Tom,Edler,M,10,16-01-2012,S
824,Daniel,Speed,M,2,23-05-2008,S
825,Clarissa,Taylor,F,6,17-01-2010,S
826,Chelsea,Yard,F,9,06-01-2017,S
827,Manuel,Sherwood,M,2,25-09-2009,S
828,Ally,Young,F,1,29-11-2004,S
829,Lucas,Overson,M,2,02-03-2015,S
830,Sienna,Reynolds,F,8,06-09-2015,S
831,Logan,Thorne,M,11,21-05-2015,S
832,Bart,Lindop,M,9,12-03-2016,S
833,Carter,Burnley,M,9,21-11-2006,S
834,Doris,Penn,F,1,10-10-2011,S
835,Eduardo,Edwards,M,7,27-07-2010,S
836,David,Walsh,M,2,25-02-2006,S
837,Abdul,Sloan,M,1,26-02-2005,S
838,Abdul,Collins,M,5,18-10-2017,S
839,Carol,Dyson,F,1,04-11-2015,S
840,Jasmine,Rodgers,F,9,22-03-2015,S
841,Phillip,Eyres,M,2,17-07-2009,S
842,Domenic,Heaton,M,7,18-01-2012,S
843,Ronald,Rixon,M,8,24-11-2012,S
844,Julius,Owen,M,11,14-08-2013,S
845,Clint,Sinclair,M,1,19-07-2013,S
846,Andie,Evans,F,9,20-03-2005,S
847,Rufus,Alcroft,M,6,20-07-2011,S
848,Angela,Reading,F,1,13-07-2005,S
849,Anais,Willis,F,2,14-02-2016,S
850,Emmanuelle,Hood,F,6,18-10-2014,S
851,Bryon,Powell,M,6,24-04-2009,S
852,Miriam,Morgan,F,1,18-10-2018,S
853,Michael,Jarvis,M,2,26-11-2004,S
854,Bryon,Summers,M,7,10-07-2012,S
855,Chuck,Potts,M,6,14-11-2015,S
856,Beatrice,Warren,F,7,12-10-2007,S
857,Luke,Dickson,M,10,01-03-2014,S
858,Juliet,Mccall,F,7,31-08-2005,S
859,Maia,Mcguire,F,7,04-04-2004,S
860,Kurt,Dubois,M,3,13-12-2006,S
861,Johnathan,Fall,M,1,15-09-2008,S
862,Chester,Allen,M,2,26-05-2012,S
863,Tyson,Reid,M,10,08-07-2010,S
864,Jules,Rossi,F,10,01-10-2011,S
865,Josh,Redwood,M,9,27-04-2010,S
866,Peter,Scott,M,7,15-10-2007,S
867,Mason,Irwin,M,1,20-08-2018,S
868,Tom,Wilson,M,1,01-01-2013,S
869,Anabelle,Scott,F,7,09-06-2009,S
870,Leah,Allen,F,11,06-02-2004,S
871,Julian,Cavanagh,M,6,28-07-2004,S
872,Caleb,Rixon,M,7,20-01-2017,S
873,Carmella,Rust,F,10,28-06-2014,S
874,Daron,Jacobs,M,8,03-03-2007,S
875,Trisha,Lowe,F,9,20-06-2007,S
876,Luke,Speed,M,6,16-04-2012,S
877,Naomi,Warren,F,6,21-01-2012,S
878,Elena,Harvey,F,11,01-12-2004,S
879,Colleen,Warren,F,9,12-05-2011,S
880,Brad,Stone,M,7,09-06-2005,S
881,Olivia,Wren,F,5,19-08-2011,S
882,Roger,Young,M,11,18-01-2015,S
883,Emely,Carson,F,9,21-10-2005,S
884,Sebastian,Bradley,M,4,10-03-2007,S
885,Camila,Stark,F,11,01-05-2005,S
886,Phillip,Dyson,M,5,25-02-2004,S
887,Aileen,Horton,F,6,06-09-2018,S
888,Boris,Rehman,M,4,20-11-2003,S
889,Rhea,Butler,F,9,27-11-2009,S
890,Anthony,Cavanagh,M,2,04-06-2005,S
891,Mark,Nurton,M,4,23-05-2010,S
892,Erick,Penn,M,8,30-03-2005,S
893,Nick,Pitt,M,4,28-10-2004,S
894,Peter,James,M,10,31-10-2008,S
895,Henry,Yates,M,6,20-03-2009,S
896,Sloane,Oldfield,F,11,25-02-2007,S
897,Barry,Bishop,M,4,01-05-2009,S
898,Russel,Tait,M,1,29-01-2006,S
899,Carl,Dann,M,2,05-07-2009,S
900,Maxwell,Ryan,M,3,19-08-2011,S
901,Sarah,Moran,F,2,30-04-2011,S
902,Abdul,Smith,M,9,19-05-2009,S
903,Keira,Carter,F,10,17-07-2006,S
904,Ellen,Edler,F,10,14-09-2006,S
905,Gloria,Mitchell,F,3,05-05-2007,S
906,Martha,Addley,F,3,15-04-2012,S
907,Chelsea,Rogers,F,11,25-03-2010,S
908,Keira,Ulyatt,F,4,06-03-2013,S
909,Domenic,Lindop,M,11,29-07-2016,S
910,Jenna,Stone,F,5,21-07-2011,S
911,Rowan,Varndell,F,3,10-12-2010,S
912,Tom,Yard,M,4,09-09-2012,S
913,Lorraine,Weatcroft,F,11,20-04-2008,S
914,Rihanna,Crawford,F,4,18-02-2005,S
915,Marvin,Butler,M,4,14-03-2014,S
916,Carla,Poole,F,1,14-01-2011,S
917,Benjamin,Khan,M,2,16-04-2004,S
918,Logan,Bradley,M,2,11-05-2005,S
919,Gwen,Watson,F,9,15-06-2014,S
920,Kate,Hall,F,8,09-01-2011,S
921,Allison,Roberts,F,11,25-03-2014,S
922,Logan,Amstead,M,3,16-01-2011,S
923,Sharon,Kerr,F,8,04-08-2007,S
924,Marvin,Hilton,M,9,23-10-2011,S
925,Laila,Patel,F,5,06-08-2010,S
926,Cristal,Alexander,F,8,18-09-2014,S
927,Summer,Moran,F,11,29-11-2004,S
928,Hazel,Calderwood,F,9,04-09-2014,S
929,Ronald,Thomson,M,6,27-08-2004,S
930,Melinda,Darcy,F,5,26-05-2017,S
931,Chad,Wright,M,7,07-05-2015,S
932,Louise,Grady,F,7,11-03-2018,S
933,Mabel,Addis,F,3,04-10-2005,S
934,Benjamin,Wade,M,2,19-01-2004,S
935,Carter,Carter,M,3,31-03-2004,S
936,Denis,Jefferson,M,10,11-12-2017,S
937,Carter,Butler,M,7,30-06-2014,S
938,Taylor,Graham,F,10,07-11-2012,S
939,Ada,Noon,F,2,09-10-2007,S
940,Maddison,Gunn,F,10,02-04-2013,S
941,Joseph,Hope,M,2,14-07-2016,S
942,Adeline,Noach,F,4,07-07-2011,S
943,Marilyn,Dixon,F,4,18-12-2010,S
944,Erick,Morgan,M,2,16-09-2009,S
945,Dalia,Graves,F,11,23-12-2003,S
946,Jade,Larkin,F,11,20-10-2017,S
947,Julius,Zaoui,M,1,01-08-2018,S
948,Bob,Wood,M,4,20-04-2012,S
949,Vera,Logan,F,3,13-07-2013,S
950,Aiden,Kerr,M,2,09-05-2004,S
951,Irene,Ebden,F,5,29-11-2005,S
952,Sabrina,Evans,F,8,13-01-2013,S
953,Brad,Thompson,M,8,10-09-2010,S
954,Logan,Lindop,M,8,19-08-2009,S
955,Ema,Allen,F,7,20-08-2011,S
956,Makenzie,Coll,F,7,30-04-2006,S
957,Harry,Ebden,M,5,14-11-2013,S
958,Michael,Yoman,M,8,11-06-2011,S
959,Clint,Bristow,M,9,10-09-2010,S
960,Kurt,Roth,M,5,28-03-2017,S
961,Sloane,Fulton,F,1,25-02-2012,S
962,Nicholas,Warner,M,10,24-07-2015,S
963,Payton,Locke,F,11,23-05-2009,S
964,Chloe,Blythe,F,8,27-04-2006,S
965,Nate,Ellwood,M,5,24-07-2005,S
966,Norah,Grey,F,5,12-11-2013,S
967,Gwen,Janes,F,11,04-09-2011,S
968,Rocco,Chapman,M,4,11-11-2016,S
969,Ronald,Bryant,M,5,20-06-2014,S
970,Henry,Martin,M,10,11-11-2010,S
971,Oliver,Simmons,M,7,22-04-2004,S
972,Angelina,Lomax,F,7,29-05-2009,S
973,Danny,Riley,M,10,03-01-2006,S
974,Hadley,Chester,F,10,31-05-2007,S
975,Zoe,Franks,F,6,14-07-2010,S
976,Sofia,Flanders,F,4,29-09-2013,S
977,Gil,Vallory,M,10,30-09-2017,S
978,Kurt,Hilton,M,6,08-05-2011,S
979,Leslie,Nicholls,F,5,07-10-2014,S
980,Vivian,Underhill,F,10,06-03-2008,S
981,Brooklyn,Mason,F,7,02-07-2013,S
982,Rick,Nicholls,M,11,03-09-2011,S
983,Valentina,Edley,F,8,05-03-2017,S
984,Harvey,Adams,M,2,30-07-2005,S
985,Sonya,Whittle,F,4,04-09-2013,S
986,Christine,Graham,F,8,26-06-2010,S
987,Carter,Parr,M,10,09-02-2005,S
988,Javier,Whitehouse,M,7,15-11-2017,S
989,Domenic,Slater,M,2,16-03-2009,S
990,Bart,Saunders,M,8,06-02-2011,S
991,Paige,Martin,F,7,14-02-2005,S
992,Natalie,Wilcox,F,9,19-11-2017,S
993,Caitlyn,Bowen,F,5,18-02-2010,S
994,Martin,Moreno,M,3,29-09-2013,S
995,Aiden,Thatcher,M,6,25-11-2004,S
996,Rhea,Holt,F,7,19-07-2013,S
997,Tom,Ward,M,11,03-02-2014,S
998,Jasmine,Brooks,F,5,01-02-2009,S
999,Cedrick,Martin,M,1,19-07-2006,S
1000,Oliver,Wren,M,9,09-12-2011,S
